Time,Date,Day_of_week,Age_band_of_driver,Sex_of_driver,Educational_level,Vehicle_driver_relation,Driving_experience,Type_of_vehicle,Owner_of_vehicle,Service_year_of_vehicle,Defect_of_vehicle,Area_accident_occured,Lanes_or_Medians,Road_allignment,Types_of_Junction,Road_surface_type,Road_surface_conditions,Light_conditions,Weather_conditions,Type_of_collision,Number_of_vehicles_involved,Number_of_casualties,Vehicle_movement,Casualty_class,Sex_of_casualty,Age_band_of_casualty,Casualty_severity,Work_of_casualty,Pedestrian_movement,Cause_of_accident,Accident_severity
21:05:00,06-01-2017,Friday,40,Male,,,,Pick up upto 10Q,Governmental,5.779745686,No defect,Office areas,Two-way (divided with broken lines road marking),Tangent road with flat terrain,Other,Asphalt roads,Dry,Darkness - lights lit,Normal,Vehicle with vehicle collision,2,1,Entering a junction,Driver or rider,Female,40,3,,Not a Pedestrian,Driving under the influence of drugs,Slight Injury
10:02:00,10-03-2019,Thursday,24,Male,Junior high school,Employee,Above 10yr,Other,Governmental,5.779745686,,Office areas,Two-way (divided with broken lines road marking),Tangent road with flat terrain,Y Shape,Asphalt roads,Dry,Daylight,Normal,Vehicle with vehicle collision,2,1,Entering a junction,Passenger,Male,Under 18,3,,Not a Pedestrian,No priority to vehicle,Slight Injury
10:02:00,28-04-2019,Thursday,24,Male,Junior high school,Owner,Above 10yr,Pick up upto 10Q,Governmental,5.779745686,,Residential areas,Two-way (divided with broken lines road marking),Tangent road with flat terrain,Y Shape,Asphalt roads,Dry,Daylight,Normal,Vehicle with vehicle collision,2,1,Other,Pedestrian,Male,24,3,Driver,Unknown or other,Changing lane to the left,Slight Injury
09:10:00,16-09-2020,Tuesday,40,Male,Junior high school,Employee,Below 1yr,,Owner,5.779745686,,Other,Double carriageway (median),Tangent road with flat terrain,No junction,Asphalt roads,Dry,Daylight,Normal,Rollover,1,1,Entering a junction,Driver or rider,Male,18-30,3,Employee,Not a Pedestrian,Changing lane to the left,Slight Injury
18:49:00,15-03-2017,Wednesday,24,Male,Junior high school,Employee,2-5yr,Automobile,Governmental,5.779745686,No defect,Other,Double carriageway (median),Tangent road with flat terrain,Y Shape,Asphalt roads,Dry,Daylight,Normal,Collision with roadside objects,2,1,Entering a junction,Driver or rider,Male,31-50,3,Driver,Not a Pedestrian,Getting off the vehicle improperly,Serious Injury
18:49:00,08-10-2019,Wednesday,40,Male,Junior high school,Employee,,Automobile,Owner,7.5,No defect,Other,Two-way (divided with broken lines road marking),Tangent road with flat terrain,Y Shape,Asphalt roads,Dry,Daylight,Normal,Vehicle with vehicle collision,2,1,Entering a junction,Passenger,Male,40,3,,Not a Pedestrian,Overtaking,Serious Injury
11:30:00,12-08-2017,Friday,33.65796805,Male,Above high school,Employee,1-2yr,Turbo,Owner,5.779745686,No defect,Office areas,Double carriageway (median),Tangent road with mild grade and flat terrain,Y Shape,Asphalt roads,Dry,Daylight,Normal,Vehicle with vehicle collision,2,1,Entering a junction,Pedestrian,Male,Over 51,3,Driver,Crossing from driver's nearside,Changing lane to the left,Slight Injury
19:24:00,17-02-2019,Monday,33.65796805,Female,Junior high school,Employee,1-2yr,Stationwagen,Owner,5.779745686,,Office areas,Undivided Two way,Tangent road with mild grade and flat terrain,Crossing,Asphalt roads,Wet or damp,Darkness - lights lit,Raining,Collision with pedestrians,1,1,Going straight,Driver or rider,Male,18-30,3,,Not a Pedestrian,Driving carelessly,Serious Injury
17:15:00,10-04-2019,Sunday,33.65796805,Male,Junior high school,Employee,Above 10yr,Automobile,Owner,5.779745686,,Office areas,One way,Tangent road with flat terrain,No junction,Asphalt roads,Dry,Daylight,Unknown,Vehicle with vehicle collision,2,1,Other,Driver or rider,Male,18-30,3,Self-employed,Not a Pedestrian,No distancing,Slight Injury
10:18:00,08-07-2020,Sunday,17,Male,Junior high school,Employee,5-10yr,Pick up upto 10Q,Owner,5.779745686,,Office areas,Undivided Two way,Tangent road with flat terrain,No junction,Asphalt roads,Dry,Daylight,Normal,Collision with pedestrians,2,1,Going straight,Pedestrian,Male,Under 18,3,Driver,Unknown or other,Overturning,Slight Injury
18:55:00,02-08-2017,Sunday,17,Male,Junior high school,Employee,Below 1yr,Lorry (41?100Q),Owner,5.779745686,No defect,Other,Two-way (divided with broken lines road marking),Tangent road with flat terrain,No junction,Asphalt roads,Wet or damp,Daylight,Normal,Collision with pedestrians,1,4,Going straight,Driver or rider,Male,5,3,Other,Not a Pedestrian,No distancing,Serious Injury
18:55:00,08-10-2020,Sunday,17,Male,Junior high school,Employee,1-2yr,Automobile,,3.5,No defect,Residential areas,Two-way (divided with broken lines road marking),Tangent road with flat terrain,No junction,Asphalt roads,Wet or damp,Daylight,Normal,Vehicle with vehicle collision,1,4,Going straight,Driver or rider,Female,31-50,3,Self-employed,Not a Pedestrian,Moving Backward,Serious Injury
22:00:00,13-10-2019,Friday,33.65796805,Female,Elementary school,Employee,5-10yr,Lorry (41?100Q),Governmental,5.779745686,No defect,Other,Two-way (divided with broken lines road marking),Tangent road with flat terrain,Y Shape,Asphalt roads,Dry,Darkness - lights lit,Normal,Vehicle with vehicle collision,2,1,Overtaking,Driver or rider,Male,18-30,3,Employee,Not a Pedestrian,No distancing,Slight Injury
22:00:00,18-04-2018,Friday,33.65796805,Male,Junior high school,Employee,2-5yr,Lorry (41?100Q),Owner,7.5,,Other,Undivided Two way,Tangent road with flat terrain,Y Shape,Asphalt roads,Dry,Darkness - lights lit,Normal,Collision with roadside objects,2,1,Going straight,Driver or rider,Male,31-50,3,,Not a Pedestrian,No distancing,Slight Injury
12:41:00,31-03-2018,Tuesday,33.65796805,Male,Junior high school,Employee,Above 10yr,Automobile,Owner,5.779745686,No defect, Church areas,Double carriageway (median),Tangent road with flat terrain,No junction,Asphalt roads,Wet or damp,Daylight,Raining,Vehicle with vehicle collision,2,1,Going straight,Driver or rider,Female,18-30,3,Driver,Not a Pedestrian,Changing lane to the right,Slight Injury
12:41:00,20-07-2019,Tuesday,52,Male,Junior high school,Employee,1-2yr,Public (13?45 seats),Owner,5.779745686,No defect,Other,Undivided Two way,Tangent road with flat terrain,No junction,Asphalt roads,Wet or damp,Daylight,Raining,Vehicle with vehicle collision,2,1,Going straight,Driver or rider,Male,31-50,3,Self-employed,Not a Pedestrian,Changing lane to the left,Slight Injury
06:33:00,21-06-2017,Monday,40,Male,Elementary school,Employee,Above 10yr,Public (13?45 seats),Owner,5.779745686,No defect,Office areas,Undivided Two way,Tangent road with flat terrain,Crossing,Asphalt roads,Wet or damp,Darkness - lights lit,Raining,Rollover,2,1,Going straight,Driver or rider,Male,40,3,Other,Not a Pedestrian,Moving Backward,Slight Injury
08:45:00,19-07-2020,Thursday,17,Male,,Employee,5-10yr,Lorry (11?40Q),Owner,5.779745686,No defect, Industrial areas,Undivided Two way,Tangent road with flat terrain,Other,Asphalt roads,Dry,Daylight,Normal,Vehicle with vehicle collision,2,2,Going straight,Driver or rider,Male,18-30,3,Driver,Not a Pedestrian,No priority to vehicle,Slight Injury
08:45:00,24-10-2019,Thursday,17,Male,High school,Owner,2-5yr,Automobile,Owner,5.779745686,No defect,Office areas,Undivided Two way,Tangent road with flat terrain,Other,Asphalt roads,Dry,Daylight,Normal,Collision with roadside objects,2,2,Going straight,Driver or rider,Male,18-30,3,,Not a Pedestrian,Driving at high speed,Slight Injury
07:51:00,16-11-2017,Thursday,24,Male,Junior high school,Employee,1-2yr,Other,Owner,5.779745686,,Other,Two-way (divided with broken lines road marking),Tangent road with flat terrain,Y Shape,Asphalt roads,Dry,Daylight,Normal,Rollover,2,1,Going straight,Driver or rider,Male,31-50,3,Driver,Not a Pedestrian,Changing lane to the right,Slight Injury
17:14:00,25-06-2020,Wednesday,52,Male,Elementary school,Employee,1-2yr,Pick up upto 10Q,Owner,5.779745686,No defect,Residential areas,Undivided Two way,Tangent road with flat terrain,Y Shape,Asphalt roads,Dry,Daylight,Normal,Collision with roadside objects,1,1,Moving Backward,Passenger,Male,31-50,3,,Not a Pedestrian,Driving carelessly,Slight Injury
22:15:00,16-04-2020,Friday,33.65796805,Male,High school,Employee,1-2yr,Lorry (11?40Q),Owner,5.779745686,,Office areas,Two-way (divided with broken lines road marking),Tangent road with flat terrain,Y Shape,Asphalt roads,Dry,Darkness - lights lit,Unknown,Vehicle with vehicle collision,2,2,Other,Driver or rider,Male,31-50,3,Driver,Not a Pedestrian,No distancing,Slight Injury
22:15:00,19-02-2018,Friday,24,Male,Above high school,Employee,5-10yr,Motorcycle,Organization,5.779745686,,Residential areas,other,Tangent road with flat terrain,Y Shape,Asphalt roads,Dry,Darkness - lights lit,Unknown,Vehicle with vehicle collision,2,2,Going straight,Passenger,Male,24,3,Driver,Not a Pedestrian,Changing lane to the left,Slight Injury
22:15:00,16-02-2020,Friday,24,Male,,,,Pick up upto 10Q,Owner,5.779745686,,Office areas,Two-way (divided with broken lines road marking),Tangent road with flat terrain,Y Shape,Asphalt roads,Dry,Darkness - lights lit,Unknown,Vehicle with vehicle collision,2,2,Going straight,Driver or rider,Male,31-50,3,Self-employed,Not a Pedestrian,No distancing,Slight Injury
23:16:00,20-04-2019,Tuesday,24,Male,Elementary school,Owner,5-10yr,Lorry (11?40Q),Organization,7.5,,Residential areas,Two-way (divided with broken lines road marking),Tangent road with flat terrain,Other,Asphalt roads,Dry,Darkness - lights lit,Normal,Vehicle with vehicle collision,2,2,Going straight,Driver or rider,Male,24,3,Driver,Not a Pedestrian,Getting off the vehicle improperly,Serious Injury
23:16:00,26-10-2020,Tuesday,24,Male,Elementary school,Employee,5-10yr,Automobile,Owner,11,,School areas,other,Tangent road with flat terrain,Other,Asphalt roads,Dry,Darkness - lights lit,Normal,Vehicle with vehicle collision,2,2,Going straight,Passenger,Male,24,3,Driver,Not a Pedestrian,Overtaking,Serious Injury
15:32:00,06-10-2019,Saturday,24,Male,High school,Owner,5-10yr,Automobile,Owner,7.5,, Hospital areas,other,Steep grade downward with mountainous terrain,No junction,Asphalt roads,Dry,Daylight,Normal,Collision with pedestrians,2,1,Going straight,Driver or rider,Male,24,3,Driver,Not a Pedestrian,Driving carelessly,Slight Injury
09:39:00,01-12-2018,Saturday,40,Male,Junior high school,Employee,2-5yr,Automobile,Owner,11,No defect,Other,other,Tangent road with flat terrain,No junction,Asphalt roads,Dry,Daylight,Normal,Collision with roadside objects,2,1,Going straight,Driver or rider,Female,40,3,Driver,Not a Pedestrian,Overturning,Slight Injury
17:25:00,10-07-2020,Thursday,40,Male,Junior high school,Owner,5-10yr,Taxi,Owner,7.5,, Industrial areas,Undivided Two way,Tangent road with flat terrain,No junction,Asphalt roads,Dry,Daylight,Normal,Vehicle with vehicle collision,2,2,Other,Passenger,Female,18-30,2,,Not a Pedestrian,Driving under the influence of drugs,Slight Injury
17:25:00,08-12-2017,Thursday,52,Male,Junior high school,Owner,Above 10yr,Other,Owner,5.779745686,No defect, Church areas,Two-way (divided with broken lines road marking),Tangent road with flat terrain,No junction,Asphalt roads,Dry,Daylight,Normal,Vehicle with vehicle collision,2,2,Reversing,Driver or rider,Male,18-30,3,Driver,Not a Pedestrian,Changing lane to the right,Slight Injury
17:00:00,28-06-2017,Friday,40,Male,High school,Owner,2-5yr,Lorry (11?40Q),Owner,5.779745686,No defect,Other,Two-way (divided with broken lines road marking),Tangent road with flat terrain,No junction,Asphalt roads,Dry,Daylight,Normal,Collision with roadside objects,2,3,Other,Passenger,Female,52,3,Driver,Not a Pedestrian,No distancing,Slight Injury
17:00:00,28-04-2020,Friday,40,Male,Junior high school,Employee,5-10yr,Automobile,Owner,5.779745686,No defect,Office areas,Double carriageway (median),Tangent road with flat terrain,No junction,Asphalt roads,Dry,Daylight,Normal,Vehicle with vehicle collision,2,3,Reversing,Driver or rider,Female,18-30,3,Other,Not a Pedestrian,No distancing,Slight Injury
06:11:00,14-07-2017,Wednesday,52,Male,Elementary school,Employee,5-10yr,Automobile,Governmental,5.779745686,No defect,Office areas,Double carriageway (median),Tangent road with flat terrain,Unknown,Asphalt roads,Wet or damp,Darkness - lights lit,Raining,Vehicle with vehicle collision,2,2,Going straight,Pedestrian,Male,Over 51,2,Driver,Crossing from driver's nearside,Moving Backward,Slight Injury
06:11:00,15-09-2017,Wednesday,40,Male,Junior high school,Employee,1-2yr,Automobile,Owner,5.779745686,No defect,Residential areas,Double carriageway (median),Tangent road with flat terrain,Unknown,Asphalt roads,Wet or damp,Darkness - lights lit,Raining,Vehicle with vehicle collision,2,2,Going straight,Pedestrian,Female,40,3,,Crossing from nearside - masked by parked or statioNot a Pedestrianry vehicle,Moving Backward,Slight Injury
20:40:00,07-01-2019,Sunday,17,Male,Junior high school,Employee,5-10yr,Automobile,Owner,5.779745686,No defect,Office areas,Double carriageway (median),Tangent road with flat terrain,Y Shape,Asphalt roads,Dry,Darkness - lights lit,Normal,Vehicle with vehicle collision,2,1,Going straight,Driver or rider,Male,18-30,3,Self-employed,Not a Pedestrian,Getting off the vehicle improperly,Serious Injury
22:55:00,26-08-2020,Saturday,24,Male,Elementary school,Employee,Above 10yr,Lorry (41?100Q),Owner,3.5,, Industrial areas,One way,Tangent road with flat terrain,No junction,Asphalt roads,Dry,Darkness - lights lit,Normal,Vehicle with vehicle collision,1,3,Going straight,Pedestrian,Female,24,3,,Crossing from driver's nearside,Changing lane to the left,Serious Injury
22:55:00,22-01-2018,Saturday,24,Male,Elementary school,Employee,Below 1yr,Other,Owner,5.779745686,No defect,Other,One way,Tangent road with flat terrain,No junction,Asphalt roads,Dry,Darkness - lights lit,Normal,Collision with roadside objects,1,3,Going straight,Driver or rider,Female,Under 18,3,Driver,Not a Pedestrian,No priority to vehicle,Serious Injury
17:50:00,18-08-2018,Thursday,24,Male,Elementary school,Owner,1-2yr,Pick up upto 10Q,Governmental,5.779745686,,Office areas,Two-way (divided with broken lines road marking),Tangent road with flat terrain,No junction,Asphalt roads,Dry,Daylight,Normal,Vehicle with vehicle collision,2,1,Going straight,Driver or rider,Male,31-50,2,Unemployed,Not a Pedestrian,Changing lane to the right,Slight Injury
09:23:00,19-03-2020,Sunday,52,Male,Junior high school,Employee,2-5yr,Automobile,Owner,5.779745686,,Office areas,Double carriageway (median),Tangent road with flat terrain,Other,Asphalt roads,Dry,Daylight,Normal,Vehicle with vehicle collision,2,1,Going straight,Driver or rider,Female,18-30,2,Driver,Not a Pedestrian,Changing lane to the right,Slight Injury
00:56:00,15-12-2017,Thursday,24,Male,High school,Employee,2-5yr,Public (13?45 seats),Owner,5.779745686,No defect,Office areas,Two-way (divided with broken lines road marking),Tangent road with flat terrain,No junction,Asphalt roads,Dry,Darkness - lights lit,Normal,Vehicle with vehicle collision,1,2,Going straight,Driver or rider,Male,24,3,,Not a Pedestrian,Driving under the influence of drugs,Serious Injury
08:05:00,28-09-2018,Thursday,33.65796805,Male,Junior high school,Employee,2-5yr,Public (13?45 seats),Owner,5.779745686,,Other,Undivided Two way,Tangent road with flat terrain,No junction,Asphalt roads,Dry,Daylight,Normal,Collision with roadside objects,2,1,Going straight,Pedestrian,Female,Over 51,3,Driver,"Walking along in carriageway, back to traffic",No distancing,Slight Injury
08:05:00,24-07-2020,Thursday,17,Male,Junior high school,Employee,1-2yr,Other,Owner,5.779745686,No defect,Other,Undivided Two way,Tangent road with flat terrain,No junction,Asphalt roads,Dry,Daylight,Normal,Rollover,2,1,Going straight,Passenger,Male,31-50,2,Self-employed,Not a Pedestrian,No priority to vehicle,Slight Injury
19:30:00,13-04-2019,Thursday,33.65796805,Male,Junior high school,Employee,2-5yr,Lorry (41?100Q),Owner,5.779745686,No defect,  Recreational areas,Undivided Two way,Tangent road with flat terrain,Y Shape,Asphalt roads,Wet or damp,Darkness - lights lit,Normal,Vehicle with vehicle collision,2,1,Going straight,Driver or rider,Male,31-50,3,Driver,Not a Pedestrian,No priority to vehicle,Slight Injury
16:47:00,20-02-2018,Friday,52,Male,Junior high school,Employee,1-2yr,Long lorry,Other,1.5,No defect,  Recreational areas,other,Tangent road with flat terrain,Crossing,Asphalt roads,Dry,Daylight,Normal,Vehicle with vehicle collision,2,2,Going straight,Driver or rider,Male,31-50,3,Unknown,Not a Pedestrian,Changing lane to the left,Slight Injury
16:47:00,27-04-2020,Friday,40,Male,Junior high school,Employee,2-5yr,Pick up upto 10Q,Owner,5.779745686,No defect, Church areas,Double carriageway (median),Tangent road with flat terrain,Crossing,Asphalt roads,Dry,Daylight,Normal,Vehicle with vehicle collision,2,2,Moving Backward,Pedestrian,Female,18-30,3,,Unknown or other,Driving carelessly,Slight Injury
14:28:00,24-02-2017,Tuesday,24,Male,Junior high school,Employee,Above 10yr,Lorry (41?100Q),Owner,7.5,,Office areas,Undivided Two way,Tangent road with flat terrain,No junction,Asphalt roads,Wet or damp,Daylight,Normal,Vehicle with vehicle collision,1,1,Going straight,Pedestrian,Male,31-50,3,Driver,Unknown or other,Driving under the influence of drugs,Slight Injury
12:35:00,01-01-2018,Saturday,40,Male,Junior high school,Employee,Below 1yr,Lorry (41?100Q),Owner,3.5,,Residential areas,One way,Steep grade downward with mountainous terrain,No junction,Asphalt roads,Dry,Daylight,Normal,Vehicle with vehicle collision,2,1,Going straight,Pedestrian,Female,40,3,Other,Crossing from driver's nearside,Changing lane to the right,Slight Injury
12:35:00,20-11-2019,Saturday,33.65796805,Female,Junior high school,Employee,Above 10yr,Automobile,Owner,5.779745686,No defect,Other,One way,Tangent road with flat terrain,No junction,Asphalt roads,Dry,Daylight,Normal,Vehicle with vehicle collision,2,1,Going straight,Pedestrian,Male,Under 18,3,Other,"In carriageway, statioNot a Pedestrianry - not crossing  (standing or playing) - masked by parked or statioNot a Pedestrianry vehicle",No priority to vehicle,Slight Injury
01:20:00,17-05-2018,Sunday,24,Male,Elementary school,Employee,Above 10yr,,Governmental,1.5,No defect, Industrial areas,One way,Tangent road with flat terrain,Crossing,Asphalt roads,Dry,Darkness - lights lit,Normal,Vehicle with vehicle collision,2,2,Moving Backward,Driver or rider,Male,31-50,3,Driver,Not a Pedestrian,Driving to the left,Slight Injury
15:30:00,04-06-2017,Thursday,33.65796805,Female,,,,Automobile,Organization,1.5,No defect,Office areas,other,Tangent road with flat terrain,No junction,Asphalt roads,Wet or damp,Daylight,Other,Vehicle with vehicle collision,2,1,Other,Pedestrian,Female,18-30,2,Driver,Unknown or other,No priority to vehicle,Slight Injury
15:30:00,28-02-2018,Thursday,17,Male,High school,Owner,5-10yr,Pick up upto 10Q,Owner,5.779745686,No defect,Office areas,Undivided Two way,Tangent road with flat terrain,No junction,Asphalt roads,Wet or damp,Daylight,Other,Vehicle with vehicle collision,2,1,Other,Passenger,Female,18-30,3,,Not a Pedestrian,No distancing,Slight Injury
14:50:00,04-01-2018,Wednesday,33.65796805,Male,Elementary school,Employee,2-5yr,Automobile,Owner,5.779745686,,Office areas,Double carriageway (median),Tangent road with flat terrain,Y Shape,Asphalt roads,Wet or damp,Daylight,Normal,Collision with pedestrians,2,1,Going straight,Driver or rider,Male,18-30,3,,Not a Pedestrian,Driving carelessly,Slight Injury
16:20:00,12-06-2019,Saturday,40,Male,,,,Automobile,Owner,5.779745686,,Office areas,Undivided Two way,Tangent road with flat terrain,Y Shape,Asphalt roads,Dry,Daylight,Normal,Vehicle with vehicle collision,1,1,Going straight,Pedestrian,Male,40,3,Other,Unknown or other,No priority to vehicle,Serious Injury
16:30:00,12-10-2018,Monday,33.65796805,Male,High school,Owner,1-2yr,Other,Owner,5.779745686,No defect,Other,Double carriageway (median),Tangent road with flat terrain,Y Shape,Asphalt roads,Wet or damp,Daylight,Normal,Vehicle with vehicle collision,2,1,Going straight,Driver or rider,Female,18-30,3,Driver,Not a Pedestrian,No priority to vehicle,Slight Injury
16:30:00,02-09-2020,Monday,24,Male,Junior high school,Employee,1-2yr,Public (12 seats),Owner,11,No defect, Industrial areas,Two-way (divided with broken lines road marking),Tangent road with flat terrain,Y Shape,Asphalt roads,Wet or damp,Daylight,Normal,Vehicle with vehicle collision,2,1,Other,Driver or rider,Male,31-50,3,,Not a Pedestrian,No distancing,Slight Injury
11:50:00,14-05-2019,Friday,33.65796805,Male,Junior high school,Employee,Above 10yr,Lorry (41?100Q),Owner,5.779745686,No defect,Other,Two-way (divided with broken lines road marking),Tangent road with flat terrain,Y Shape,Asphalt roads,Dry,Daylight,Unknown,Vehicle with vehicle collision,2,1,Getting off,Driver or rider,Female,31-50,3,Driver,Not a Pedestrian,Driving carelessly,Slight Injury
17:11:00,23-04-2018,Sunday,40,Male,High school,Owner,Above 10yr,Lorry (41?100Q),Owner,1.5,No defect,Other,One way,Tangent road with flat terrain,Y Shape,Asphalt roads,Wet or damp,Darkness - lights lit,Raining,Collision with pedestrians,2,1,Going straight,Driver or rider,Male,18-30,3,,Not a Pedestrian,Changing lane to the right,Slight Injury
18:00:00,29-06-2018,Tuesday,52,Male,Junior high school,Employee,Above 10yr,Automobile,Owner,5.779745686,,Other,Undivided Two way,Tangent road with flat terrain,Y Shape,Asphalt roads with some distress,Wet or damp,Darkness - lights lit,Normal,Vehicle with vehicle collision,2,1,Going straight,Driver or rider,Male,18-30,3,Student,Not a Pedestrian,Driving carelessly,Slight Injury
23:51:00,19-01-2020,Friday,33.65796805,Female,Junior high school,Employee,1-2yr,,Governmental,0.5,No defect,Residential areas,other,Steep grade downward with mountainous terrain,Y Shape,Asphalt roads,Wet or damp,Darkness - lights lit,Normal,Vehicle with vehicle collision,1,1,Going straight,Pedestrian,Female,31-50,3,Self-employed,Crossing from nearside - masked by parked or statioNot a Pedestrianry vehicle,Driving carelessly,Fatal injury
11:48:00,31-01-2018,Monday,52,Male,High school,Employee,2-5yr,Public (12 seats),Owner,5.779745686,No defect,Office areas,Two-way (divided with broken lines road marking),Tangent road with flat terrain,No junction,Asphalt roads,Dry,Daylight,Normal,Collision with pedestrians,2,1,Going straight,Driver or rider,Male,31-50,3,Self-employed,Not a Pedestrian,Driving carelessly,Serious Injury
20:30:00,17-05-2017,Tuesday,33.65796805,Male,Junior high school,Employee,1-2yr,Stationwagen,Owner,5.779745686,No defect,Other,Two-way (divided with broken lines road marking),Tangent road with flat terrain,No junction,Gravel roads,Wet or damp,Darkness - lights lit,Raining,Collision with pedestrians,1,1,Going straight,Pedestrian,Male,31-50,3,,"Walking along in carriageway, facing traffic",Driving carelessly,Slight Injury
11:00:00,05-12-2017,Monday,33.65796805,Male,Elementary school,Employee,5-10yr,Automobile,Owner,11,No defect,Other,One way,Tangent road with flat terrain,Y Shape,Asphalt roads,Dry,Daylight,Normal,Vehicle with vehicle collision,2,2,Other,Driver or rider,Male,18-30,2,Driver,Not a Pedestrian,No distancing,Slight Injury
08:09:00,13-02-2017,Saturday,40,Male,Elementary school,Other,5-10yr,Pick up upto 10Q,Owner,5.779745686,No defect,Other,Two-way (divided with broken lines road marking),Tangent road with flat terrain,Crossing,Asphalt roads,Dry,Daylight,Normal,Vehicle with vehicle collision,2,3,Going straight,Driver or rider,Female,18-30,3,Driver,Not a Pedestrian,Overtaking,Slight Injury
08:09:00,24-06-2020,Saturday,40,Male,Junior high school,Employee,2-5yr,,Owner,5.779745686,No defect,Other,Two-way (divided with broken lines road marking),Tangent road with flat terrain,Crossing,Asphalt roads,Dry,Daylight,Normal,Vehicle with vehicle collision,2,3,Going straight,Driver or rider,Male,40,3,,Not a Pedestrian,No distancing,Slight Injury
08:09:00,03-05-2017,Saturday,40,Male,Elementary school,Employee,5-10yr,Lorry (41?100Q),Governmental,5.779745686,,Residential areas,Two-way (divided with broken lines road marking),Tangent road with flat terrain,Crossing,Asphalt roads,Dry,Daylight,Normal,Collision with roadside objects,2,3,,Passenger,Male,40,3,Driver,Not a Pedestrian,Driving carelessly,Slight Injury
18:00:00,14-11-2020,Saturday,33.65796805,Female,Junior high school,Employee,Above 10yr,Automobile,Owner,1.5,No defect,Other,Undivided Two way,Tangent road with flat terrain,Other,Asphalt roads,Dry,Daylight,Normal,Vehicle with vehicle collision,2,1,Moving Backward,Pedestrian,Male,31-50,3,,Crossing from driver's nearside,No priority to vehicle,Slight Injury
18:00:00,15-01-2017,Saturday,52,Male,Junior high school,Employee,Above 10yr,Public (13?45 seats),Owner,5.779745686,No defect,Office areas,Undivided Two way,Tangent road with flat terrain,Other,Asphalt roads,Dry,Daylight,Normal,Vehicle with vehicle collision,2,1,,Pedestrian,Male,18-30,3,Driver,Crossing from nearside - masked by parked or statioNot a Pedestrianry vehicle,No priority to vehicle,Slight Injury
10:15:00,14-05-2017,Saturday,40,Male,Elementary school,Employee,5-10yr,Lorry (41?100Q),,5.779745686,,Other,Undivided Two way,Tangent road with flat terrain,No junction,Earth roads,Wet or damp,Daylight,Other,Vehicle with vehicle collision,2,1,Going straight,Driver or rider,Male,40,3,Self-employed,Not a Pedestrian,No priority to vehicle,Slight Injury
01:35:00,16-06-2019,Sunday,40,Male,Junior high school,Owner,1-2yr,Public (12 seats),Owner,5.779745686,,Other,Undivided Two way,Tangent road with flat terrain,Y Shape,Asphalt roads,Wet or damp,Darkness - lights lit,Normal,Vehicle with vehicle collision,3,3,,Driver or rider,Male,40,3,Driver,Not a Pedestrian,No distancing,Serious Injury
01:35:00,01-03-2018,Sunday,24,Male,Junior high school,Employee,2-5yr,Lorry (41?100Q),Owner,11,No defect,Office areas,Two-way (divided with broken lines road marking),Tangent road with flat terrain,Y Shape,Asphalt roads,Wet or damp,Darkness - lights lit,Normal,Collision with pedestrians,3,3,Going straight,Pedestrian,Male,24,2,,Crossing from nearside - masked by parked or statioNot a Pedestrianry vehicle,Changing lane to the left,Serious Injury
01:35:00,30-05-2018,Sunday,33.65796805,Male,Elementary school,Employee,Above 10yr,Automobile,Owner,5.779745686,No defect,Other,Two-way (divided with broken lines road marking),Steep grade downward with mountainous terrain,Y Shape,Earth roads,Wet or damp,Darkness - lights lit,Normal,Collision with pedestrians,3,3,Going straight,Driver or rider,Male,31-50,3,,Not a Pedestrian,Changing lane to the left,Serious Injury
15:35:00,07-12-2020,Tuesday,40,Male,Elementary school,Employee,Above 10yr,Stationwagen,Governmental,5.779745686,No defect, Industrial areas,Undivided Two way,Tangent road with flat terrain,Y Shape,Asphalt roads,Dry,Daylight,Normal,Vehicle with vehicle collision,2,1,Going straight,Driver or rider,Male,40,3,Driver,Not a Pedestrian,Moving Backward,Slight Injury
01:50:00,04-11-2020,Thursday,24,Male,Junior high school,Employee,Above 10yr,Pick up upto 10Q,Organization,3.5,,Other,Undivided Two way,Tangent road with flat terrain,Other,Earth roads,Wet or damp,Darkness - lights lit,Normal,Collision with roadside objects,2,2,Going straight,Pedestrian,Male,24,3,Driver,Crossing from nearside - masked by parked or statioNot a Pedestrianry vehicle,Changing lane to the left,Slight Injury
01:50:00,22-06-2020,Thursday,40,Male,Junior high school,Employee,2-5yr,Automobile,Owner,7.5,No defect,Other,Two-way (divided with broken lines road marking),Tangent road with flat terrain,Other,Asphalt roads,Wet or damp,Darkness - lights lit,Normal,Vehicle with vehicle collision,2,2,Other,Driver or rider,Male,40,3,,Not a Pedestrian,No distancing,Slight Injury
10:18:00,18-02-2019,Thursday,24,Male,Junior high school,Employee,Above 10yr,,Owner,5.779745686,No defect,Other,One way,Tangent road with flat terrain,No junction,Asphalt roads,Wet or damp,Daylight,Windy,Vehicle with vehicle collision,2,1,Going straight,Driver or rider,Female,31-50,3,,Not a Pedestrian,Changing lane to the right,Serious Injury