Time,Date,Day_of_week,Age_band_of_driver,Sex_of_driver,Educational_level,Vehicle_driver_relation,Driving_experience,Type_of_vehicle,Owner_of_vehicle,Service_year_of_vehicle,Defect_of_vehicle,Area_accident_occured,Lanes_or_Medians,Road_allignment,Types_of_Junction,Road_surface_type,Road_surface_conditions,Light_conditions,Weather_conditions,Type_of_collision,Number_of_vehicles_involved,Number_of_casualties,Vehicle_movement,Casualty_class,Sex_of_casualty,Age_band_of_casualty,Casualty_severity,Work_of_casualty,Pedestrian_movement,Cause_of_accident,Accident_severity
19:49:00,26-07-2017,Saturday,40,Male,High school,Employee,2-5yr,Pick up upto 10Q,Owner,5.779745686,No defect,Other,Undivided Two way,Tangent road with flat terrain,Y Shape,Asphalt roads,Dry,Darkness - lights lit,Normal,Collision with roadside objects,2,1,Going straight,Driver or rider,Male,5,3,Self-employed,Not a Pedestrian,Moving Backward,Slight Injury
19:01:00,28-06-2018,Thursday,24,Male,Above high school,Employee,Above 10yr,Automobile,Owner,0.5,No defect,Office areas,Two-way (divided with broken lines road marking),Tangent road with flat terrain,Other,Asphalt roads,Dry,Darkness - lights lit,Normal,Vehicle with vehicle collision,2,1,Going straight,Driver or rider,Male,24,3,,Not a Pedestrian,Changing lane to the right,Slight Injury
19:01:00,18-06-2019,Thursday,52,Male,Junior high school,Employee,2-5yr,,Owner,3.5,No defect,Other,Two-way (divided with broken lines road marking),Tangent road with mild grade and flat terrain,Other,Asphalt roads,Dry,Darkness - lights lit,Normal,Vehicle with vehicle collision,2,1,Going straight,Driver or rider,Male,31-50,3,,Not a Pedestrian,Driving carelessly,Slight Injury
08:45:00,30-07-2017,Friday,52,Male,Junior high school,Employee,5-10yr,Lorry (41?100Q),Owner,5.779745686,No defect,Other,Undivided Two way,Tangent road with flat terrain,No junction,Asphalt roads,Dry,Daylight,Normal,Vehicle with vehicle collision,2,1,Other,Driver or rider,Male,31-50,2,,Not a Pedestrian,Driving carelessly,Slight Injury
08:45:00,26-08-2019,Friday,24,Male,Junior high school,Employee,Below 1yr,Pick up upto 10Q,Owner,5.779745686,, Church areas,Undivided Two way,Tangent road with flat terrain,No junction,Asphalt roads,Dry,Daylight,Normal,Rollover,2,1,Reversing,Pedestrian,Female,31-50,3,,Unknown or other,Changing lane to the right,Slight Injury
16:50:00,21-05-2018,Tuesday,33.65796805,Male,Junior high school,Employee,Below 1yr,Pick up upto 10Q,Owner,1.5,5,Office areas,Undivided Two way,Tangent road with flat terrain,Y Shape,Asphalt roads,Dry,Daylight,Normal,Vehicle with vehicle collision,3,2,Other,Driver or rider,Male,31-50,3,Self-employed,Not a Pedestrian,No priority to vehicle,Slight Injury
16:50:00,03-01-2019,Tuesday,33.65796805,Male,Elementary school,Employee,,Automobile,Owner,11,No defect,School areas,other,Tangent road with flat terrain,Y Shape,Asphalt roads,Dry,Daylight,Normal,Collision with roadside objects,3,2,Other,Pedestrian,Male,18-30,3,Self-employed,Crossing from driver's nearside,Changing lane to the right,Slight Injury
16:50:00,18-02-2018,Tuesday,24,Male,Junior high school,Employee,Below 1yr,Other,Owner,3.5,No defect,Other,Undivided Two way,Tangent road with flat terrain,Y Shape,Asphalt roads,Dry,Daylight,Normal,Collision with pedestrians,3,2,Reversing,Passenger,Female,31-50,3,,Not a Pedestrian,Turnover,Slight Injury
10:35:00,12-07-2018,Saturday,52,Male,High school,Employee,1-2yr,Motorcycle,Owner,1.5,No defect, Industrial areas,One way,Tangent road with flat terrain,No junction,Asphalt roads,Dry,Daylight,Normal,Vehicle with vehicle collision,2,2,Going straight,Passenger,Female,Under 18,3,Employee,Not a Pedestrian,No distancing,Slight Injury
10:35:00,18-02-2020,Saturday,40,Male,Junior high school,Employee,5-10yr,Automobile,Owner,3.5,No defect,Other,Undivided Two way,Tangent road with flat terrain,No junction,Asphalt roads,Dry,Daylight,Normal,Vehicle with vehicle collision,2,2,Going straight,Passenger,Female,Under 18,3,Driver,Not a Pedestrian,No distancing,Slight Injury
15:26:00,13-08-2018,Tuesday,40,Male,Junior high school,Employee,Below 1yr,Automobile,Owner,1.5,No defect,Residential areas,Undivided Two way,Tangent road with flat terrain,Y Shape,Asphalt roads,Dry,Daylight,Normal,Vehicle with vehicle collision,1,1,Turnover,Driver or rider,Male,40,3,Driver,Not a Pedestrian,Driving carelessly,Slight Injury
12:10:00,17-06-2019,Saturday,33.65796805,Female,Elementary school,Owner,5-10yr,Long lorry,Owner,5.779745686,7,Office areas,other,Tangent road with flat terrain,No junction,Asphalt roads,Dry,Daylight,Normal,Vehicle with vehicle collision,2,1,Going straight,Driver or rider,Male,18-30,3,Driver,Not a Pedestrian,Moving Backward,Slight Injury
18:26:00,26-03-2020,Saturday,17,Male,Junior high school,Employee,5-10yr,Automobile,Owner,1.5,No defect, Outside rural areas,Two-way (divided with broken lines road marking),Tangent road with flat terrain,Crossing,Asphalt roads,Dry,Daylight,Normal,Rollover,2,1,Going straight,Driver or rider,Male,18-30,3,Driver,Not a Pedestrian,Changing lane to the right,Serious Injury
18:26:00,06-08-2019,Saturday,40,Male,Elementary school,Owner,5-10yr,Public (> 45 seats),Owner,1.5,No defect, Outside rural areas,Undivided Two way,Tangent road with flat terrain,Crossing,Asphalt roads,Dry,Daylight,Normal,Vehicle with vehicle collision,2,1,Going straight,Driver or rider,Male,40,3,Driver,Not a Pedestrian,Overtaking,Serious Injury
19:45:00,18-01-2019,Sunday,33.65796805,Female,Junior high school,Employee,2-5yr,Pick up upto 10Q,Governmental,0.5,No defect, Outside rural areas,Undivided Two way,Tangent road with flat terrain,No junction,Asphalt roads,Dry,Darkness - lights lit,Normal,Collision with pedestrians,3,1,Moving Backward,Passenger,Female,18-30,3,,Not a Pedestrian,No distancing,Slight Injury
19:45:00,15-01-2018,Sunday,40,Male,Junior high school,Employee,5-10yr,Automobile,Owner,5.779745686,No defect,School areas,other,Steep grade downward with mountainous terrain,No junction,Asphalt roads,Dry,Darkness - lights lit,Normal,Vehicle with vehicle collision,3,1,Going straight,Passenger,Female,18-30,3,,Not a Pedestrian,Moving Backward,Slight Injury
15:42:00,28-11-2019,Thursday,40,Male,High school,Employee,1-2yr,Public (13?45 seats),Owner,11,No defect, Outside rural areas,Two-way (divided with broken lines road marking),Tangent road with flat terrain,Y Shape,Asphalt roads,Dry,Daylight,Normal,Collision with pedestrians,2,2,Turnover,Passenger,Male,Under 18,3,,Not a Pedestrian,No distancing,Slight Injury
15:42:00,25-07-2017,Thursday,52,Male,Elementary school,Employee,5-10yr,Automobile,Owner,5.779745686,No defect, Outside rural areas,Undivided Two way,Tangent road with flat terrain,Y Shape,Asphalt roads,Dry,Daylight,Normal,Collision with pedestrians,2,2,Going straight,Driver or rider,Male,Over 51,3,,Not a Pedestrian,No distancing,Slight Injury
13:30:00,26-12-2018,Monday,52,Male,Junior high school,Employee,Below 1yr,Automobile,Owner,3.5,No defect,Office areas,Undivided Two way,Tangent road with mountainous terrain and,No junction,Asphalt roads,Dry,Daylight,Normal,Vehicle with vehicle collision,2,1,Going straight,Driver or rider,Female,18-30,3,Self-employed,Not a Pedestrian,Changing lane to the left,Slight Injury
15:06:00,09-10-2018,Wednesday,24,Male,Junior high school,Owner,5-10yr,Automobile,Owner,5.779745686,No defect, Outside rural areas,Undivided Two way,Tangent road with mountainous terrain and,O Shape,Asphalt roads,Dry,Daylight,Normal,Vehicle with vehicle collision,2,1,Going straight,Driver or rider,Female,31-50,3,,Not a Pedestrian,Driving under the influence of drugs,Serious Injury
15:06:00,10-05-2017,Wednesday,52,Male,Elementary school,Employee,1-2yr,Pick up upto 10Q,Owner,3.5,No defect, Outside rural areas,Undivided Two way,Tangent road with flat terrain,O Shape,Asphalt roads,Dry,Daylight,Normal,Collision with roadside objects,2,1,Moving Backward,Driver or rider,Male,31-50,3,,Not a Pedestrian,Changing lane to the left,Serious Injury
07:06:00,15-02-2018,Wednesday,24,Male,Elementary school,Employee,Above 10yr,Automobile,Owner,5.779745686,No defect,  Recreational areas,Undivided Two way,Tangent road with flat terrain,No junction,Asphalt roads,Wet or damp,Daylight,Normal,Vehicle with vehicle collision,2,1,Going straight,Pedestrian,Male,Under 18,2,,Not a Pedestrian,Driving to the left,Serious Injury
18:01:00,28-02-2020,Sunday,24,Male,Junior high school,Owner,1-2yr,Automobile,Owner,11,No defect,Office areas,Undivided Two way,Tangent road with flat terrain,Other,Asphalt roads,Dry,Daylight,Normal,Vehicle with vehicle collision,2,2,Going straight,Passenger,Female,31-50,3,,Not a Pedestrian,Driving at high speed,Slight Injury
18:01:00,18-05-2020,Sunday,24,Male,,,,Automobile,Owner,3.5,No defect,Other,Two-way (divided with broken lines road marking),Tangent road with mild grade and flat terrain,Other,Asphalt roads,Dry,Daylight,Normal,Vehicle with vehicle collision,2,2,Going straight,Driver or rider,Male,31-50,3,,Not a Pedestrian,Overtaking,Slight Injury
08:15:00,25-10-2017,Friday,40,Male,Junior high school,Employee,5-10yr,Other,Owner,5.779745686,No defect,Residential areas,Undivided Two way,Tangent road with flat terrain,Y Shape,Asphalt roads,Dry,Daylight,Normal,Vehicle with vehicle collision,1,1,Other,Driver or rider,Male,40,3,Self-employed,Not a Pedestrian,Moving Backward,Serious Injury
10:25:00,13-10-2018,Thursday,52,Male,Junior high school,Employee,Below 1yr,Other,Owner,11,No defect,Other,Undivided Two way,Tangent road with flat terrain,Other,Asphalt roads,Dry,Daylight,Normal,Vehicle with vehicle collision,1,1,Other,Driver or rider,Male,31-50,3,Driver,Not a Pedestrian,Moving Backward,Slight Injury
08:01:00,06-11-2019,Monday,40,Male,Junior high school,Employee,5-10yr,Public (12 seats),Owner,11,,Other,other,Tangent road with flat terrain,Y Shape,Asphalt roads,Wet or damp,Daylight,Raining,Vehicle with vehicle collision,2,5,Going straight,Driver or rider,Female,40,3,,Not a Pedestrian,No distancing,Slight Injury
08:01:00,06-01-2020,Monday,40,Male,Elementary school,Employee,1-2yr,Automobile,Owner,7.5,,Office areas,Two-way (divided with broken lines road marking),Tangent road with flat terrain,Y Shape,Asphalt roads,Wet or damp,Daylight,Raining,Vehicle with vehicle collision,2,5,Going straight,Driver or rider,Male,18-30,3,Driver,Not a Pedestrian,Moving Backward,Slight Injury
08:01:00,12-01-2017,Monday,40,Male,Elementary school,Employee,1-2yr,Stationwagen,Owner,5.779745686,No defect,Other,Two-way (divided with broken lines road marking),Tangent road with flat terrain,Y Shape,Asphalt roads,Wet or damp,Daylight,Raining,Vehicle with vehicle collision,2,5,Going straight,Driver or rider,Male,40,3,Driver,Not a Pedestrian,Changing lane to the left,Slight Injury
08:01:00,17-11-2018,Monday,24,Male,Above high school,Owner,1-2yr,Lorry (41?100Q),Owner,5.779745686,,Office areas,Double carriageway (median),Tangent road with flat terrain,Y Shape,Asphalt roads,Wet or damp,Daylight,Raining,Collision with roadside objects,2,5,Going straight,Pedestrian,Male,Under 18,3,Driver,Not a Pedestrian,No distancing,Slight Injury
11:32:00,09-03-2017,Friday,40,Male,Junior high school,Owner,5-10yr,Lorry (41?100Q),Owner,5.779745686,,Office areas,One way,Tangent road with mild grade and flat terrain,No junction,Asphalt roads,Dry,Daylight,Normal,Vehicle with vehicle collision,2,1,Going straight,Pedestrian,Female,Under 18,3,Driver,Not a Pedestrian,No priority to vehicle,Slight Injury
11:32:00,01-07-2020,Friday,24,Male,Junior high school,Employee,5-10yr,Public (> 45 seats),Owner,5.779745686,,Office areas,Undivided Two way,Tangent road with flat terrain,No junction,Asphalt roads,Dry,Daylight,Normal,Vehicle with vehicle collision,2,1,Going straight,Pedestrian,Male,Under 18,3,Driver,Not a Pedestrian,Driving under the influence of drugs,Slight Injury
01:30:00,21-06-2019,Sunday,17,Male,High school,Owner,Below 1yr,Other,Owner,5.779745686,,,Two-way (divided with broken lines road marking),Tangent road with flat terrain,Crossing,Asphalt roads,Dry,Darkness - lights lit,Normal,Vehicle with vehicle collision,2,4,Going straight,Driver or rider,Female,18-30,3,Self-employed,Not a Pedestrian,No distancing,Serious Injury
01:30:00,05-07-2020,Sunday,17,Male,Junior high school,Employee,Above 10yr,Public (12 seats),Owner,0.5,,Office areas,Undivided Two way,Tangent road with flat terrain,Crossing,Asphalt roads,Dry,Darkness - lights lit,Normal,Collision with pedestrians,2,4,Going straight,Driver or rider,Male,18-30,3,Other,Not a Pedestrian,No distancing,Serious Injury
01:30:00,31-01-2019,Sunday,40,Male,Junior high school,Employee,5-10yr,Other,Owner,5.779745686,,Other,Undivided Two way,Tangent road with flat terrain,Crossing,Asphalt roads,Dry,Darkness - lights lit,Normal,Vehicle with vehicle collision,2,4,Moving Backward,Pedestrian,Male,Under 18,3,Driver,Not a Pedestrian,Changing lane to the left,Serious Injury
08:05:00,22-06-2018,Friday,33.65796805,Male,Junior high school,Employee,Above 10yr,Stationwagen,Governmental,5.779745686,,Other,Two-way (divided with broken lines road marking),Tangent road with flat terrain,Y Shape,Asphalt roads,Dry,Daylight,Other,Vehicle with vehicle collision,2,2,Other,Driver or rider,Male,18-30,3,Self-employed,Not a Pedestrian,Changing lane to the right,Slight Injury
08:05:00,13-06-2017,Friday,24,Male,Junior high school,Employee,5-10yr,Automobile,Owner,5.779745686,,Office areas,Undivided Two way,Tangent road with flat terrain,Y Shape,Asphalt roads,Dry,Daylight,Other,Vehicle with vehicle collision,2,2,Going straight,Driver or rider,Male,Over 51,3,Driver,Not a Pedestrian,Driving under the influence of drugs,Slight Injury
20:35:00,12-12-2020,Sunday,40,Male,Junior high school,Employee,1-2yr,Lorry (41?100Q),Governmental,5.779745686,No defect,Office areas,Two-way (divided with broken lines road marking),Tangent road with flat terrain,Crossing,Asphalt roads,Dry,Daylight,Normal,Vehicle with vehicle collision,2,1,Going straight,Driver or rider,Male,18-30,3,Other,Not a Pedestrian,No priority to pedestrian,Slight Injury
20:35:00,11-11-2019,Sunday,33.65796805,Female,Junior high school,Employee,1-2yr,Lorry (41?100Q),Owner,3.5,, Church areas,Undivided Two way,Tangent road with flat terrain,Crossing,Asphalt roads,Dry,Daylight,Normal,Vehicle with vehicle collision,2,1,,Driver or rider,Male,Under 18,3,,Not a Pedestrian,No distancing,Slight Injury
08:14:00,20-06-2019,Wednesday,24,Male,High school,Employee,2-5yr,Automobile,Governmental,5.779745686,,Residential areas,Two-way (divided with broken lines road marking),Tangent road with flat terrain,Crossing,Asphalt roads,Dry,Daylight,Normal,Vehicle with vehicle collision,2,1,,Driver or rider,Male,24,3,Driver,Not a Pedestrian,Changing lane to the left,Serious Injury
14:44:00,20-06-2018,Friday,24,Male,Elementary school,Employee,2-5yr,Automobile,Owner,5.779745686,,Office areas,Undivided Two way,Tangent road with flat terrain,No junction,Asphalt roads,Dry,Daylight,Other,Vehicle with vehicle collision,2,2,Going straight,Pedestrian,Female,Under 18,3,Driver,Not a Pedestrian,Driving carelessly,Slight Injury
14:44:00,26-07-2020,Friday,24,Male,Junior high school,Employee,Above 10yr,Public (> 45 seats),Owner,7.5,,Other,Undivided Two way,Tangent road with flat terrain,No junction,Asphalt roads,Dry,Daylight,Other,Vehicle with vehicle collision,2,2,,Driver or rider,Male,31-50,3,Driver,Not a Pedestrian,No distancing,Slight Injury
16:20:00,06-06-2018,Friday,40,Male,Junior high school,Other,No Licence,Pick up upto 10Q,Governmental,5.779745686,No defect,Other,Double carriageway (median),Tangent road with flat terrain,No junction,Asphalt roads,Dry,Daylight,Normal,Vehicle with vehicle collision,1,1,Going straight,Passenger,Male,40,3,Driver,Not a Pedestrian,Moving Backward,Slight Injury
20:30:00,30-04-2017,Friday,40,Male,Junior high school,Employee,1-2yr,Lorry (11?40Q),Owner,7.5,No defect,Other,Two-way (divided with broken lines road marking),Tangent road with flat terrain,No junction,Asphalt roads,Dry,Darkness - lights lit,Unknown,Vehicle with vehicle collision,2,2,Going straight,Driver or rider,Female,52,3,Driver,Not a Pedestrian,No distancing,Slight Injury
20:30:00,25-11-2017,Friday,40,Male,Junior high school,Owner,5-10yr,Pick up upto 10Q,Owner,5.779745686,No defect,Office areas,Double carriageway (median),Tangent road with mild grade and flat terrain,No junction,Asphalt roads,Dry,Darkness - lights lit,Unknown,Vehicle with vehicle collision,2,2,Going straight,Pedestrian,Female,Under 18,3,Driver,Crossing from offside - masked by  parked or statioNot a Pedestrianry vehicle,No priority to pedestrian,Slight Injury
20:30:00,18-02-2018,Friday,33.65796805,Male,Junior high school,Employee,1-2yr,Special vehicle,Owner,5.779745686,,Office areas,Two-way (divided with broken lines road marking),Tangent road with flat terrain,No junction,Asphalt roads,Dry,Darkness - lights lit,Unknown,Vehicle with vehicle collision,2,2,Going straight,Driver or rider,Male,Under 18,3,Driver,Not a Pedestrian,Changing lane to the left,Slight Injury
12:15:00,24-04-2019,Saturday,33.65796805,Female,Junior high school,Employee,1-2yr,,Owner,5.779745686,,Office areas,Undivided Two way,Tangent road with mild grade and flat terrain,Y Shape,Asphalt roads,Dry,Daylight,Normal,Vehicle with vehicle collision,2,1,Going straight,Driver or rider,Male,Under 18,3,,Not a Pedestrian,Driving carelessly,Slight Injury
17:30:00,24-01-2018,Sunday,40,Male,Junior high school,Employee,2-5yr,Lorry (41?100Q),Owner,11,No defect,Residential areas,Undivided Two way,Tangent road with flat terrain,Y Shape,Asphalt roads,Dry,Daylight,Normal,Collision with roadside objects,2,2,Going straight,Driver or rider,Male,18-30,3,Self-employed,Not a Pedestrian,Changing lane to the right,Slight Injury
18:05:00,24-11-2020,Monday,33.65796805,Male,Elementary school,Employee,Above 10yr,Automobile,Governmental,5.779745686,No defect,Office areas,other,Tangent road with mild grade and flat terrain,No junction,Asphalt roads,Dry,Darkness - lights lit,Normal,Vehicle with vehicle collision,1,1,Going straight,Driver or rider,Male,31-50,3,Driver,Not a Pedestrian,No priority to pedestrian,Slight Injury
15:45:00,20-12-2017,Monday,33.65796805,Male,Junior high school,Employee,Above 10yr,Other,Owner,7.5,No defect, Industrial areas,other,Tangent road with flat terrain,No junction,Asphalt roads,Dry,Daylight,Normal,Vehicle with vehicle collision,1,1,Going straight,Driver or rider,Male,18-30,3,Self-employed,Not a Pedestrian,Changing lane to the left,Slight Injury
11:55:00,12-06-2020,Wednesday,33.65796805,Female,Junior high school,Employee,1-2yr,Lorry (41?100Q),Governmental,11,No defect,Residential areas,other,Tangent road with flat terrain,Y Shape,Asphalt roads,Dry,Daylight,Normal,Vehicle with vehicle collision,2,1,Going straight,Driver or rider,Male,18-30,3,Driver,Not a Pedestrian,Moving Backward,Slight Injury
11:55:00,09-02-2018,Wednesday,40,Male,Junior high school,Employee,5-10yr,,Owner,1.5,No defect, Industrial areas,other,Tangent road with flat terrain,Y Shape,Asphalt roads,Dry,Daylight,Normal,Collision with roadside objects,2,1,Going straight,Driver or rider,Male,40,3,Driver,Not a Pedestrian,Changing lane to the right,Slight Injury
12:51:00,08-03-2019,Wednesday,40,Male,High school,Owner,2-5yr,Automobile,Owner,3.5,No defect,Residential areas,Undivided Two way,Tangent road with flat terrain,Crossing,Asphalt roads,Dry,Daylight,Normal,Vehicle with vehicle collision,3,2,Going straight,Driver or rider,Male,18-30,3,,Not a Pedestrian,Changing lane to the right,Slight Injury
12:51:00,09-10-2017,Wednesday,24,Male,Junior high school,Employee,5-10yr,Lorry (41?100Q),Owner,5.779745686,No defect,Office areas,Undivided Two way,Tangent road with flat terrain,Crossing,Asphalt roads,Dry,Daylight,Normal,Vehicle with vehicle collision,3,2,Going straight,Driver or rider,Male,24,3,Driver,Not a Pedestrian,Moving Backward,Slight Injury
20:00:00,02-11-2020,Friday,33.65796805,Male,Junior high school,Employee,5-10yr,,Owner,3.5,No defect,Office areas,Double carriageway (median),Escarpments,Y Shape,Asphalt roads,Dry,Darkness - lights lit,Normal,Collision with roadside objects,1,1,Going straight,Pedestrian,Female,18-30,3,,Crossing from nearside - masked by parked or statioNot a Pedestrianry vehicle,No distancing,Slight Injury
20:12:00,15-07-2020,Friday,33.65796805,Male,Junior high school,Employee,2-5yr,Lorry (41?100Q),Owner,11,No defect,Office areas,other,Tangent road with flat terrain,O Shape,Asphalt roads,Dry,Darkness - lights lit,Normal,Collision with roadside objects,1,1,Going straight,Pedestrian,Female,Over 51,3,,"In carriageway, statioNot a Pedestrianry - not crossing  (standing or playing)",Driving carelessly,Slight Injury
19:38:00,16-12-2018,Wednesday,24,Male,High school,Employee,Above 10yr,Taxi,Owner,1.5,No defect,Office areas,Undivided Two way,Escarpments,No junction,Asphalt roads,Wet or damp,Darkness - lights lit,Normal,Vehicle with vehicle collision,2,1,Going straight,Pedestrian,Female,24,3,Self-employed,Crossing from offside - masked by  parked or statioNot a Pedestrianry vehicle,No priority to pedestrian,Slight Injury
08:14:00,19-07-2018,Monday,24,Male,Junior high school,Employee,Above 10yr,Lorry (41?100Q),Owner,5.779745686,No defect,Office areas,Undivided Two way,Tangent road with flat terrain,Other,Asphalt roads,Wet or damp,Daylight,Raining and Windy,Collision with roadside objects,2,1,Going straight,Driver or rider,Female,24,3,,Not a Pedestrian,Moving Backward,Slight Injury
08:14:00,18-01-2020,Monday,52,Male,Writing & reading,Employee,2-5yr,Other,Owner,5.779745686,No defect,Office areas,other,Tangent road with flat terrain,Other,Asphalt roads,Wet or damp,Daylight,Raining and Windy,Collision with roadside objects,2,1,Going straight,Driver or rider,Male,18-30,2,Driver,Not a Pedestrian,Changing lane to the right,Slight Injury
17:45:00,16-11-2019,Tuesday,33.65796805,Female,Junior high school,Employee,1-2yr,Lorry (41?100Q),Owner,5.779745686,No defect,Other,One way,Tangent road with flat terrain,Y Shape,Asphalt roads,Wet or damp,Darkness - lights lit,Raining,Vehicle with vehicle collision,1,1,Going straight,Driver or rider,Male,31-50,3,Driver,Not a Pedestrian,Changing lane to the left,Serious Injury
14:13:00,09-11-2017,Wednesday,40,Male,Elementary school,Employee,2-5yr,Other,Owner,5.779745686,No defect,  Recreational areas,other,Tangent road with flat terrain,Crossing,Asphalt roads,Dry,Daylight,Normal,Vehicle with vehicle collision,2,1,Going straight,Driver or rider,Male,40,3,Employee,Not a Pedestrian,No distancing,Slight Injury
17:00:00,27-08-2019,Wednesday,33.65796805,Male,Junior high school,Employee,1-2yr,Automobile,Owner,5.779745686,, Industrial areas,Undivided Two way,Tangent road with flat terrain,No junction,Asphalt roads,Dry,Darkness - lights lit,Normal,Vehicle with vehicle collision,2,1,Going straight,Passenger,Female,31-50,3,Driver,Not a Pedestrian,Changing lane to the right,Slight Injury
17:00:00,01-08-2017,Wednesday,24,Male,Elementary school,Employee,1-2yr,,,5.779745686,,Residential areas,other,Tangent road with flat terrain,No junction,Asphalt roads,Dry,Darkness - lights lit,Normal,Vehicle with vehicle collision,2,1,Going straight,Passenger,Female,Over 51,3,Driver,Not a Pedestrian,No priority to vehicle,Slight Injury
17:40:00,13-01-2019,Friday,40,Male,High school,Employee,No Licence,Taxi,Owner,11,No defect,Residential areas,other,Tangent road with rolling terrain,Other,Asphalt roads,Wet or damp,Darkness - lights unlit,Raining,Rollover,1,1,Going straight,Driver or rider,Female,18-30,3,Driver,Not a Pedestrian,Getting off the vehicle improperly,Slight Injury
23:00:00,25-06-2019,Saturday,24,Male,Junior high school,Employee,1-2yr,Other,Owner,3.5,No defect,  Market areas,Undivided Two way,Tangent road with flat terrain,Y Shape,Asphalt roads,Dry,Darkness - lights unlit,Normal,Vehicle with vehicle collision,2,2,Other,Driver or rider,Male,31-50,3,,Not a Pedestrian,No distancing,Serious Injury
19:35:00,19-02-2017,Thursday,24,Male,Junior high school,Employee,5-10yr,Public (> 45 seats),Owner,5.779745686,No defect, Industrial areas,other,Tangent road with flat terrain,Y Shape,Asphalt roads,Dry,Darkness - lights lit,Normal,Vehicle with vehicle collision,2,2,Going straight,Pedestrian,Female,24,3,,Unknown or other,No priority to vehicle,Slight Injury
19:57:00,20-02-2020,Tuesday,24,Male,,,,Automobile,Governmental,0.5,No defect,Residential areas,Undivided Two way,Tangent road with flat terrain,No junction,Asphalt roads,Dry,Darkness - lights lit,Normal,Vehicle with vehicle collision,1,1,Going straight,Driver or rider,Male,31-50,3,,Not a Pedestrian,Changing lane to the right,Serious Injury
12:37:00,12-07-2018,Tuesday,52,Male,Junior high school,Employee,Above 10yr,Other,Governmental,5.779745686,No defect,Residential areas,other,Tangent road with flat terrain,No junction,Asphalt roads,Dry,Daylight,Normal,Collision with roadside objects,2,2,Going straight,Driver or rider,Male,Over 51,3,,Not a Pedestrian,Changing lane to the right,Slight Injury
08:30:00,15-06-2017,Tuesday,33.65796805,Male,,,,Other,Owner,3.5,No defect,Rural village areas,Undivided Two way,Gentle horizontal curve,Y Shape,Asphalt roads,Dry,Daylight,Normal,Vehicle with vehicle collision,2,1,Going straight,Driver or rider,Male,18-30,3,Self-employed,Not a Pedestrian,Driving under the influence of drugs,Slight Injury
10:45:00,02-05-2017,Friday,52,Male,Elementary school,Owner,Above 10yr,Other,Owner,5.779745686,No defect,Office areas,Double carriageway (median),Tangent road with flat terrain,No junction,Asphalt roads,Dry,Daylight,Normal,Vehicle with vehicle collision,2,1,Going straight,Driver or rider,Male,18-30,3,,Not a Pedestrian,Changing lane to the left,Slight Injury
21:00:00,05-09-2020,Monday,40,Male,Junior high school,Owner,5-10yr,Lorry (41?100Q),Owner,5.779745686,,Residential areas,other,Tangent road with flat terrain,No junction,Asphalt roads,Wet or damp,Darkness - lights lit,Normal,Collision with roadside objects,1,1,Going straight,Passenger,Female,18-30,3,Driver,Not a Pedestrian,Overloading,Slight Injury
09:09:00,14-05-2020,Wednesday,40,Male,High school,Owner,Above 10yr,Pick up upto 10Q,Owner,11,,Residential areas,other,Tangent road with flat terrain,No junction,Asphalt roads,Dry,Daylight,Normal,Collision with roadside objects,4,2,Going straight,Driver or rider,Female,52,3,,Not a Pedestrian,Overtaking,Slight Injury
09:09:00,02-10-2017,Wednesday,40,Male,Elementary school,Employee,5-10yr,Automobile,Owner,5.779745686,No defect,Office areas,Undivided Two way,Tangent road with flat terrain,No junction,Asphalt roads,Dry,Daylight,Normal,Rollover,4,2,Moving Backward,Passenger,Female,40,3,Other,Not a Pedestrian,Overturning,Slight Injury
09:09:00,03-12-2017,Wednesday,24,Male,Elementary school,Owner,Above 10yr,Automobile,Owner,5.779745686,No defect,Office areas,Two-way (divided with broken lines road marking),Tangent road with mountainous terrain and,No junction,Asphalt roads,Dry,Daylight,Normal,Vehicle with vehicle collision,4,2,Going straight,Driver or rider,Male,24,3,Employee,Not a Pedestrian,Driving carelessly,Slight Injury
08:24:00,28-04-2020,Wednesday,40,Male,Junior high school,Owner,2-5yr,Automobile,Owner,3.5,,Other,Undivided Two way,Tangent road with mountainous terrain and,No junction,Asphalt roads,Wet or damp,Daylight,Other,Vehicle with vehicle collision,2,2,Other,Pedestrian,Male,Under 18,2,Driver,Not a Pedestrian,No distancing,Slight Injury
12:07:00,02-08-2019,Wednesday,40,Male,Junior high school,Owner,2-5yr,Other,Owner,3.5,,Other,Undivided Two way,Tangent road with flat terrain,Crossing,Asphalt roads,Wet or damp,Daylight,Raining,Vehicle with vehicle collision,2,1,Going straight,Driver or rider,Female,18-30,3,,Not a Pedestrian,No priority to vehicle,Slight Injury
12:07:00,29-02-2020,Wednesday,40,Male,High school,Owner,5-10yr,Lorry (41?100Q),Owner,5.779745686,No defect,Residential areas,Two-way (divided with broken lines road marking),Tangent road with flat terrain,Crossing,Asphalt roads,Wet or damp,Daylight,Raining,Vehicle with vehicle collision,2,1,Going straight,Passenger,Male,Under 18,3,Other,Not a Pedestrian,Getting off the vehicle improperly,Slight Injury