Time,Date,Day_of_week,Age_band_of_driver,Sex_of_driver,Educational_level,Vehicle_driver_relation,Driving_experience,Type_of_vehicle,Owner_of_vehicle,Service_year_of_vehicle,Defect_of_vehicle,Area_accident_occured,Lanes_or_Medians,Road_allignment,Types_of_Junction,Road_surface_type,Road_surface_conditions,Light_conditions,Weather_conditions,Type_of_collision,Number_of_vehicles_involved,Number_of_casualties,Vehicle_movement,Casualty_class,Sex_of_casualty,Age_band_of_casualty,Casualty_severity,Work_of_casualty,Pedestrian_movement,Cause_of_accident,Accident_severity
18:27:00,09-07-2019,Friday,40,Male,Junior high school,Employee,1-2yr,Automobile,Governmental,11,No defect,Residential areas,other,Tangent road with flat terrain,Crossing,Asphalt roads,Dry,Daylight,Normal,Collision with roadside objects,2,1,Going straight,Driver or rider,Male,Under 18,3,Driver,Not a Pedestrian,No distancing,Serious Injury
19:41:00,21-09-2017,Thursday,17,Male,High school,Employee,1-2yr,Other,Owner,3.5,No defect,Residential areas,Undivided Two way,Tangent road with flat terrain,Y Shape,Asphalt roads,Dry,Daylight,Normal,Vehicle with vehicle collision,2,1,Going straight,Driver or rider,Male,18-30,3,Driver,Not a Pedestrian,No priority to vehicle,Slight Injury
19:41:00,01-03-2020,Thursday,17,Male,Junior high school,Employee,5-10yr,Taxi,Owner,5.779745686,No defect,Residential areas,other,Tangent road with flat terrain,Y Shape,Asphalt roads,Dry,Daylight,Normal,Vehicle with vehicle collision,2,1,Going straight,Driver or rider,Male,18-30,3,,Not a Pedestrian,Driving carelessly,Slight Injury
12:55:00,17-05-2018,Thursday,24,Male,High school,Employee,Above 10yr,Stationwagen,Owner,3.5,No defect,Office areas,Double carriageway (median),Escarpments,No junction,Asphalt roads,Dry,Daylight,Normal,Vehicle with vehicle collision,2,1,Reversing,Driver or rider,Male,24,3,Driver,Not a Pedestrian,Other,Slight Injury
12:55:00,06-03-2019,Thursday,40,Male,Elementary school,Owner,5-10yr,Automobile,Owner,11,No defect,Office areas,other,Tangent road with flat terrain,No junction,Asphalt roads,Dry,Daylight,Normal,Vehicle with vehicle collision,2,1,Going straight,Passenger,Female,18-30,3,Self-employed,Not a Pedestrian,Changing lane to the right,Slight Injury
14:00:00,23-08-2018,Friday,40,Male,Elementary school,Employee,Below 1yr,Public (12 seats),Owner,1.5,No defect,Office areas,Undivided Two way,Escarpments,Y Shape,Asphalt roads,Dry,Daylight,Normal,Vehicle with vehicle collision,2,1,Turnover,Driver or rider,Male,18-30,3,,Not a Pedestrian,No distancing,Slight Injury
22:40:00,01-01-2018,Sunday,24,Male,Elementary school,Owner,5-10yr,Automobile,Owner,5.779745686,No defect,Office areas,Undivided Two way,Tangent road with flat terrain,Y Shape,Asphalt roads,Dry,Darkness - lights lit,Normal,Vehicle with vehicle collision,2,1,Going straight,Pedestrian,Female,Under 18,2,Driver,Crossing from nearside - masked by parked or statioNot a Pedestrianry vehicle,No distancing,Serious Injury
18:20:00,27-02-2020,Monday,40,Male,Junior high school,Employee,Above 10yr,,Owner,11,No defect,Residential areas,other,Tangent road with flat terrain,Y Shape,Asphalt roads,Dry,Daylight,Normal,Vehicle with vehicle collision,2,1,Going straight,Driver or rider,Female,18-30,3,Driver,Not a Pedestrian,Changing lane to the right,Slight Injury
12:49:00,15-09-2018,Sunday,52,Male,High school,Employee,1-2yr,,Owner,5.779745686,No defect,Other,One way,Tangent road with flat terrain,Y Shape,Asphalt roads,Dry,Daylight,Normal,Rollover,2,1,Going straight,Passenger,Male,31-50,3,Driver,Not a Pedestrian,No priority to vehicle,Slight Injury
12:49:00,22-04-2017,Sunday,40,Male,Junior high school,Employee,Above 10yr,Public (12 seats),Owner,7.5,No defect, Church areas,Undivided Two way,Tangent road with flat terrain,Y Shape,Asphalt roads,Dry,Daylight,Normal,Vehicle with vehicle collision,2,1,Turnover,Pedestrian,Male,18-30,3,Self-employed,Crossing from driver's nearside,Changing lane to the left,Slight Injury
16:00:00,24-04-2020,Tuesday,24,Male,Elementary school,Owner,2-5yr,Public (12 seats),Owner,5.779745686,No defect,  Recreational areas,other,Tangent road with flat terrain,Crossing,Asphalt roads,Dry,Daylight,Normal,Vehicle with vehicle collision,1,1,Going straight,Pedestrian,Female,31-50,3,Self-employed,Not a Pedestrian,Turnover,Slight Injury
23:23:00,26-12-2020,Saturday,33.65796805,Female,Junior high school,Employee,5-10yr,Automobile,Owner,5.779745686,, Industrial areas,Undivided Two way,Tangent road with flat terrain,Other,Asphalt roads,Dry,Darkness - lights lit,Normal,Collision with roadside objects,2,1,Going straight,Driver or rider,Male,31-50,2,,Not a Pedestrian,Driving to the left,Slight Injury
08:40:00,08-12-2020,Wednesday,40,Male,Junior high school,Employee,5-10yr,Automobile,Owner,11,No defect,Residential areas,other,Tangent road with rolling terrain,No junction,Asphalt roads,Dry,Daylight,Normal,Vehicle with vehicle collision,2,2,Going straight,Driver or rider,Male,18-30,3,Driver,Not a Pedestrian,Driving to the left,Serious Injury
08:40:00,30-12-2018,Wednesday,40,Male,High school,Employee,Above 10yr,Lorry (41?100Q),Owner,3.5,No defect,Office areas,Double carriageway (median),Tangent road with flat terrain,No junction,Asphalt roads,Dry,Daylight,Normal,Vehicle with vehicle collision,2,2,Going straight,Pedestrian,Male,Under 18,2,Driver,Crossing from driver's nearside,Driving carelessly,Serious Injury
08:40:00,18-05-2020,Wednesday,40,Male,Junior high school,Employee,5-10yr,Public (12 seats),Owner,3.5,No defect,  Market areas,Undivided Two way,Tangent road with flat terrain,No junction,Asphalt roads,Dry,Daylight,Normal,Collision with roadside objects,2,2,Getting off,Driver or rider,Male,18-30,3,,Not a Pedestrian,No priority to pedestrian,Serious Injury
10:00:00,22-05-2018,Friday,24,Male,Above high school,Employee,1-2yr,Automobile,Owner,5.779745686,No defect,Residential areas,Two-way (divided with solid lines road marking),Tangent road with flat terrain,Y Shape,Asphalt roads,Dry,Daylight,Normal,Vehicle with vehicle collision,2,1,Turnover,Driver or rider,Male,24,3,Self-employed,Not a Pedestrian,Moving Backward,Slight Injury
10:00:00,06-09-2017,Friday,24,Male,Junior high school,Employee,Above 10yr,Automobile,Governmental,0.5,No defect,Residential areas,Undivided Two way,Tangent road with flat terrain,Y Shape,Gravel roads,Dry,Daylight,Normal,Collision with roadside objects,2,1,Going straight,Driver or rider,Male,24,3,Self-employed,Not a Pedestrian,Driving carelessly,Slight Injury
21:10:00,15-02-2020,Saturday,33.65796805,Female,Junior high school,Employee,1-2yr,Bajaj,Owner,7.5,No defect,Other,Undivided Two way,Tangent road with flat terrain,No junction,Asphalt roads,Dry,Daylight,Normal,Collision with roadside objects,2,2,,Driver or rider,Male,5,3,,Not a Pedestrian,Changing lane to the right,Slight Injury
21:10:00,11-04-2020,Saturday,24,Male,Junior high school,Employee,5-10yr,Public (12 seats),Governmental,5.779745686,No defect,Residential areas,other,Tangent road with flat terrain,No junction,Asphalt roads,Dry,Daylight,Normal,Vehicle with vehicle collision,2,2,Going straight,Driver or rider,Male,24,3,Self-employed,Not a Pedestrian,Driving carelessly,Slight Injury
17:55:00,28-12-2017,Thursday,24,Male,,,,,Owner,3.5,No defect,Rural village areas,Undivided Two way,Gentle horizontal curve,No junction,Asphalt roads,Dry,Daylight,Normal,Vehicle with vehicle collision,2,3,Going straight,Driver or rider,Male,24,3,Driver,Not a Pedestrian,Driving carelessly,Slight Injury
17:55:00,26-01-2018,Thursday,24,Male,Junior high school,Employee,2-5yr,Automobile,Owner,3.5,No defect,Residential areas,Undivided Two way,Gentle horizontal curve,No junction,Asphalt roads,Dry,Daylight,Normal,Vehicle with vehicle collision,2,3,Turnover,Driver or rider,Male,31-50,3,Self-employed,Not a Pedestrian,Changing lane to the right,Slight Injury
17:08:00,03-10-2018,Monday,24,Male,Junior high school,Employee,1-2yr,Lorry (41?100Q),Owner,5.779745686,7, Outside rural areas,other,Tangent road with flat terrain,No junction,Asphalt roads,Dry,Daylight,Normal,Vehicle with vehicle collision,2,1,Going straight,Driver or rider,Female,31-50,3,Driver,Not a Pedestrian,Overtaking,Slight Injury
13:15:00,22-12-2019,Sunday,40,Male,Above high school,Owner,1-2yr,Pick up upto 10Q,Owner,11,,Residential areas,other,Tangent road with flat terrain,Crossing,Asphalt roads,Dry,Daylight,Normal,Collision with roadside objects,2,1,Getting off,Driver or rider,Female,18-30,3,Driver,Not a Pedestrian,Changing lane to the right,Slight Injury
15:00:00,06-11-2018,Wednesday,40,Male,Junior high school,Employee,5-10yr,Other,Owner,5.779745686,No defect,Office areas,Two-way (divided with broken lines road marking),Tangent road with mountainous terrain and,Crossing,Asphalt roads,Dry,Daylight,Normal,Vehicle with vehicle collision,2,1,Overtaking,Driver or rider,Male,40,3,Driver,Not a Pedestrian,Changing lane to the right,Slight Injury
19:30:00,24-10-2018,Sunday,24,Male,Junior high school,Employee,Above 10yr,Other,Governmental,5.779745686,No defect,Office areas,Two-way (divided with broken lines road marking),Escarpments,Crossing,Asphalt roads,Dry,Daylight,Normal,Vehicle with vehicle collision,2,2,Reversing,Driver or rider,Male,31-50,3,Student,Not a Pedestrian,Changing lane to the right,Slight Injury
19:30:00,22-06-2020,Sunday,24,Male,Junior high school,Owner,5-10yr,,Owner,3.5,,Other,Undivided Two way,Tangent road with flat terrain,Crossing,Asphalt roads,Dry,Daylight,Normal,Collision with roadside-parked vehicles,2,2,Getting off,Driver or rider,Male,24,2,Driver,Not a Pedestrian,Other,Slight Injury
17:13:00,25-07-2020,Thursday,40,Male,Junior high school,Employee,2-5yr,Lorry (41?100Q),Owner,5.779745686,,Other,Two-way (divided with broken lines road marking),Tangent road with flat terrain,Y Shape,Asphalt roads,Dry,Daylight,Normal,Collision with animals,1,1,Reversing,Pedestrian,Female,18-30,3,,Crossing from nearside - masked by parked or statioNot a Pedestrianry vehicle,Overtaking,Serious Injury
15:25:00,17-07-2017,Thursday,24,Male,Junior high school,Employee,2-5yr,Lorry (41?100Q),Owner,7.5,,Other,Two-way (divided with broken lines road marking),Tangent road with flat terrain,Y Shape,Asphalt roads,Dry,Daylight,Normal,Collision with animals,2,1,Moving Backward,Driver or rider,Male,24,3,,Not a Pedestrian,Moving Backward,Slight Injury
15:23:00,29-07-2019,Sunday,52,Male,Junior high school,Employee,2-5yr,Automobile,Governmental,7.5,No defect,Other,Undivided Two way,Tangent road with flat terrain,Y Shape,Asphalt roads,Wet or damp,Daylight,Normal,Collision with animals,1,1,Going straight,Passenger,Female,Over 51,3,Employee,Not a Pedestrian,Other,Slight Injury
18:36:00,17-01-2017,Monday,40,Male,,,,Public (13?45 seats),Owner,3.5,, Church areas,Two-way (divided with broken lines road marking),Tangent road with flat terrain,Y Shape,Asphalt roads,Dry,Daylight,Normal,Collision with animals,2,7,Going straight,Driver or rider,Female,40,3,Driver,Not a Pedestrian,Changing lane to the right,Slight Injury
18:36:00,03-12-2019,Monday,40,Male,Above high school,Employee,2-5yr,Automobile,Owner,5.779745686,No defect,Residential areas,Double carriageway (median),Tangent road with flat terrain,Y Shape,Other,Dry,Daylight,Normal,Collision with animals,2,7,Going straight,Driver or rider,Male,40,3,Other,Not a Pedestrian,Driving to the left,Slight Injury
18:36:00,10-03-2018,Monday,24,Male,,,,Other,Governmental,11,No defect,Other,Two-way (divided with broken lines road marking),Tangent road with flat terrain,Y Shape,Asphalt roads,Dry,Daylight,Normal,Collision with animals,2,7,Going straight,Passenger,Female,Over 51,3,,Not a Pedestrian,Changing lane to the left,Slight Injury
18:36:00,31-03-2018,Monday,24,Male,,Employee,1-2yr,,Owner,5.779745686,No defect,Office areas,Two-way (divided with broken lines road marking),Tangent road with flat terrain,Y Shape,Asphalt roads,Dry,Daylight,Normal,Collision with animals,2,7,Going straight,Passenger,Male,Over 51,3,Driver,Not a Pedestrian,Moving Backward,Slight Injury
18:36:00,29-09-2019,Monday,24,Male,Junior high school,Employee,2-5yr,Long lorry,Owner,5.779745686,No defect, Industrial areas,Unknown,Tangent road with flat terrain,Y Shape,Asphalt roads,Dry,Daylight,Normal,Other,2,7,Getting off,Passenger,Male,Over 51,3,Self-employed,Not a Pedestrian,Driving at high speed,Slight Injury
13:10:00,13-10-2019,Saturday,24,Male,Junior high school,Employee,Below 1yr,Public (12 seats),Owner,5.779745686,No defect,Other,Two-way (divided with broken lines road marking),Tangent road with flat terrain,Crossing,Asphalt roads,Dry,Daylight,Normal,Collision with animals,2,1,Going straight,Driver or rider,Male,24,3,Self-employed,Not a Pedestrian,No distancing,Slight Injury
13:10:00,22-06-2018,Saturday,24,Male,Junior high school,Employee,2-5yr,Other,Organization,11,, Hospital areas,Two-way (divided with broken lines road marking),Tangent road with flat terrain,Crossing,Asphalt roads,Dry,Daylight,Normal,Rollover,2,1,Going straight,Driver or rider,Male,24,3,,Not a Pedestrian,Other,Slight Injury
17:50:00,18-02-2018,Friday,24,Male,High school,Employee,5-10yr,Other,Owner,3.5,No defect, Church areas,Undivided Two way,Tangent road with flat terrain,Crossing,Asphalt roads,Dry,Daylight,Normal,Collision with animals,2,2,Reversing,Pedestrian,Female,Over 51,3,Driver,Not a Pedestrian,Changing lane to the right,Slight Injury
09:00:00,08-11-2020,Friday,24,Female,Above high school,Employee,1-2yr,Public (12 seats),Organization,7.5,No defect, Hospital areas,Undivided Two way,Tangent road with mountainous terrain and,No junction,Asphalt roads,Dry,Daylight,Normal,Vehicle with vehicle collision,2,1,Moving Backward,Pedestrian,Male,Under 18,3,Self-employed,Crossing from nearside - masked by parked or statioNot a Pedestrianry vehicle,Other,Serious Injury
09:00:00,29-01-2017,Friday,40,Male,Junior high school,Employee,Below 1yr,Lorry (41?100Q),Owner,11,No defect,Office areas,other,Tangent road with flat terrain,No junction,Other,Dry,Daylight,Normal,Fall from vehicles,2,1,Going straight,Driver or rider,Male,18-30,3,Driver,Not a Pedestrian,No distancing,Serious Injury
09:19:00,29-10-2019,Saturday,24,Male,,,,Other,Owner,3.5,No defect,Other,Two-way (divided with broken lines road marking),Escarpments,Y Shape,Asphalt roads,Dry,Daylight,Normal,Collision with roadside-parked vehicles,2,1,Going straight,Driver or rider,Male,Over 51,3,Driver,Not a Pedestrian,Driving carelessly,Serious Injury
20:50:00,21-11-2019,Saturday,40,Male,High school,Employee,Below 1yr,Other,Owner,3.5,,Office areas,Two-way (divided with broken lines road marking),Tangent road with mountainous terrain and,No junction,Asphalt roads,Dry,Darkness - lights lit,Normal,Rollover,1,1,Going straight,Pedestrian,Male,52,3,Driver,Not a Pedestrian,Moving Backward,Slight Injury
15:40:00,03-09-2018,Sunday,24,Male,,,,Lorry (11?40Q),Owner,5.779745686,No defect,Other,Double carriageway (median),Steep grade downward with mountainous terrain,Y Shape,Asphalt roads,Dry,Daylight,Normal,Collision with animals,2,1,Going straight,Pedestrian,Female,Under 18,3,Driver,Not a Pedestrian,No distancing,Slight Injury
17:00:00,07-05-2019,Tuesday,24,Male,Junior high school,Employee,Above 10yr,Other,Owner,5.779745686,No defect,Residential areas,Undivided Two way,Tangent road with flat terrain,Y Shape,Asphalt roads,Dry,Daylight,Normal,Fall from vehicles,2,1,Turnover,Driver or rider,Male,31-50,3,,Not a Pedestrian,No priority to pedestrian,Slight Injury
20:06:00,11-06-2020,Friday,24,Male,Junior high school,Employee,5-10yr,Pick up upto 10Q,Owner,3.5,,Office areas,Double carriageway (median),Tangent road with flat terrain,No junction,Asphalt roads,Dry,Darkness - lights lit,Normal,Collision with animals,1,1,Other,Pedestrian,Male,Under 18,3,,Crossing from nearside - masked by parked or statioNot a Pedestrianry vehicle,No distancing,Serious Injury
10:43:00,15-11-2020,Thursday,40,Male,Junior high school,Employee,1-2yr,Automobile,Owner,7.5,,Office areas,Undivided Two way,Tangent road with mountainous terrain and,No junction,Asphalt roads,Dry,Daylight,Normal,Collision with animals,1,1,Going straight,Driver or rider,Female,18-30,3,Driver,Not a Pedestrian,Other,Serious Injury
07:46:00,25-07-2019,Thursday,24,Male,Junior high school,Employee,Below 1yr,Lorry (41?100Q),Owner,7.5,No defect,Other,Two-way (divided with broken lines road marking),Tangent road with mild grade and flat terrain,Unknown,Earth roads,Dry,Daylight,Normal,Vehicle with vehicle collision,2,1,Going straight,Driver or rider,Male,24,3,Self-employed,Not a Pedestrian,No priority to pedestrian,Slight Injury
19:41:00,19-01-2017,Tuesday,40,Male,Junior high school,Owner,1-2yr,Automobile,Owner,5.779745686,No defect, Industrial areas,Undivided Two way,Tangent road with flat terrain,Y Shape,Asphalt roads,Dry,Darkness - lights lit,Normal,Collision with pedestrians,3,1,Going straight,Driver or rider,Male,18-30,3,Self-employed,Not a Pedestrian,No priority to pedestrian,Slight Injury
19:41:00,31-03-2017,Tuesday,24,Male,Elementary school,Employee,2-5yr,Lorry (41?100Q),Owner,5.779745686,No defect, Church areas,Undivided Two way,Tangent road with flat terrain,Y Shape,Asphalt roads,Dry,Darkness - lights lit,Normal,Collision with roadside objects,3,1,Moving Backward,Pedestrian,Female,Over 51,3,Self-employed,Not a Pedestrian,No priority to pedestrian,Slight Injury
18:05:00,08-10-2018,Tuesday,24,Male,Elementary school,Owner,5-10yr,Public (12 seats),Owner,5.779745686,,Office areas,Undivided Two way,Tangent road with flat terrain,Crossing,Asphalt roads,Dry,Daylight,Normal,Vehicle with vehicle collision,1,1,Moving Backward,Driver or rider,Female,31-50,3,Driver,Not a Pedestrian,Driving carelessly,Slight Injury
17:40:00,07-02-2018,Monday,24,Male,Junior high school,Employee,5-10yr,Lorry (41?100Q),Owner,5.779745686,,Residential areas,Two-way (divided with broken lines road marking),Tangent road with flat terrain,Y Shape,Asphalt roads,Dry,Daylight,Normal,Vehicle with vehicle collision,2,1,Going straight,Passenger,Male,31-50,3,Self-employed,Not a Pedestrian,Driving carelessly,Slight Injury
17:45:00,21-01-2017,Tuesday,52,Male,High school,Employee,5-10yr,Pick up upto 10Q,Owner,7.5,,Office areas,Two-way (divided with broken lines road marking),Tangent road with flat terrain,Crossing,Asphalt roads,Wet or damp,Daylight,Raining,Rollover,2,1,Unknown,Passenger,Female,Over 51,3,Self-employed,Not a Pedestrian,Changing lane to the left,Slight Injury
17:45:00,25-09-2017,Tuesday,24,Male,Junior high school,Employee,5-10yr,Other,Owner,7.5,,Residential areas,Undivided Two way,Tangent road with flat terrain,Crossing,Asphalt roads,Wet or damp,Daylight,Raining,Vehicle with vehicle collision,2,1,Turnover,Passenger,Female,31-50,3,Driver,Not a Pedestrian,Moving Backward,Slight Injury
08:25:00,30-11-2018,Thursday,24,Male,Junior high school,Employee,Above 10yr,Lorry (41?100Q),Owner,3.5,,Office areas,Double carriageway (median),Tangent road with flat terrain,Crossing,Asphalt roads,Dry,Daylight,Normal,Vehicle with vehicle collision,2,1,Getting off,Passenger,Female,31-50,3,Employee,Not a Pedestrian,Overtaking,Slight Injury
08:25:00,19-03-2019,Thursday,40,Male,Junior high school,,1-2yr,Ridden horse,Owner,3.5,No defect,Office areas,Double carriageway (median),Tangent road with flat terrain,Crossing,Asphalt roads,Dry,Daylight,Normal,Vehicle with vehicle collision,2,1,Going straight,Passenger,Female,52,3,,Not a Pedestrian,Changing lane to the left,Slight Injury
09:02:00,07-06-2017,Monday,40,Male,Junior high school,Employee,1-2yr,Automobile,Owner,5.779745686,No defect,Other,Two-way (divided with broken lines road marking),Tangent road with flat terrain,Unknown,Asphalt roads,Dry,Daylight,Normal,Vehicle with vehicle collision,2,1,Going straight,Driver or rider,Male,18-30,3,,Not a Pedestrian,Overtaking,Serious Injury
20:10:00,02-11-2019,Sunday,52,Male,,,,Stationwagen,Owner,11,No defect,Residential areas,Two-way (divided with broken lines road marking),Tangent road with flat terrain,Crossing,Asphalt roads,Dry,Darkness - lights lit,Normal,Collision with roadside objects,2,2,Turnover,Driver or rider,Male,Over 51,2,,Not a Pedestrian,Overloading,Slight Injury
20:10:00,16-02-2018,Sunday,52,Male,Elementary school,Employee,5-10yr,Other,Owner,5.779745686,, Church areas,Two-way (divided with broken lines road marking),Tangent road with flat terrain,Crossing,Asphalt roads,Dry,Darkness - lights lit,Normal,Vehicle with vehicle collision,2,2,Reversing,Passenger,Male,5,3,Self-employed,Not a Pedestrian,Other,Slight Injury
05:55:00,15-11-2019,Thursday,52,Male,Junior high school,Employee,5-10yr,Lorry (41?100Q),Governmental,5.779745686,No defect, Church areas,Double carriageway (median),Tangent road with flat terrain,No junction,Asphalt roads,Dry,Darkness - lights lit,Normal,Rollover,2,2,Moving Backward,Pedestrian,Male,18-30,3,Driver,Unknown or other,No priority to vehicle,Slight Injury
05:55:00,28-10-2020,Thursday,40,Male,Junior high school,Employee,Above 10yr,Lorry (41?100Q),Owner,3.5,No defect,Residential areas,Double carriageway (median),Tangent road with flat terrain,No junction,Asphalt roads,Dry,Darkness - lights lit,Normal,Vehicle with vehicle collision,2,2,Other,Pedestrian,Male,52,3,,Not a Pedestrian,Changing lane to the right,Slight Injury
20:15:00,11-04-2018,Friday,40,Male,Junior high school,Employee,2-5yr,Long lorry,Owner,5.779745686,No defect,Office areas,Two-way (divided with broken lines road marking),Tangent road with mild grade and flat terrain,Y Shape,Asphalt roads,Dry,Darkness - lights lit,Normal,Vehicle with vehicle collision,3,3,Going straight,Pedestrian,Male,40,2,,Unknown or other,Moving Backward,Serious Injury
20:15:00,09-08-2017,Friday,24,Male,Junior high school,Owner,Above 10yr,Stationwagen,Owner,7.5,No defect,Office areas,Two-way (divided with broken lines road marking),Tangent road with mild grade and flat terrain,Y Shape,Asphalt roads,Dry,Darkness - lights lit,Normal,Vehicle with vehicle collision,3,3,Going straight,Pedestrian,Male,Under 18,3,Driver,Crossing from nearside - masked by parked or statioNot a Pedestrianry vehicle,Changing lane to the left,Serious Injury
20:32:00,09-04-2017,Tuesday,24,Male,Elementary school,Other,5-10yr,Automobile,Owner,7.5,, Church areas,other,Tangent road with flat terrain,No junction,Asphalt roads,Dry,Darkness - lights lit,Normal,Vehicle with vehicle collision,3,1,Going straight,Driver or rider,Male,31-50,3,Self-employed,Not a Pedestrian,No distancing,Slight Injury
20:32:00,05-04-2019,Tuesday,24,Male,Junior high school,,5-10yr,Lorry (41?100Q),Owner,5.779745686,,Office areas,Two-way (divided with broken lines road marking),Tangent road with flat terrain,No junction,Asphalt roads,Dry,Darkness - lights lit,Normal,Vehicle with vehicle collision,3,1,Going straight,Pedestrian,Female,24,3,Driver,Not a Pedestrian,No distancing,Slight Injury
16:30:00,19-12-2019,Monday,24,Male,Junior high school,Employee,5-10yr,Automobile,Owner,5.779745686,,Other,Two-way (divided with broken lines road marking),Tangent road with flat terrain,No junction,Asphalt roads,Dry,Daylight,Normal,Vehicle with vehicle collision,2,1,Going straight,Passenger,Female,24,3,Self-employed,Not a Pedestrian,No distancing,Slight Injury
16:30:00,11-01-2019,Monday,52,Male,Elementary school,Employee,Above 10yr,Lorry (41?100Q),Owner,5.779745686,,Other,Two-way (divided with broken lines road marking),Tangent road with flat terrain,No junction,Asphalt roads,Dry,Daylight,Normal,Collision with roadside objects,2,1,Going straight,Passenger,Male,Over 51,3,Self-employed,Not a Pedestrian,Moving Backward,Slight Injury
20:00:00,14-05-2018,Tuesday,33.65796805,Male,Junior high school,,Below 1yr,Lorry (41?100Q),Owner,5.779745686,,,Undivided Two way,Tangent road with flat terrain,No junction,Asphalt roads,Dry,Darkness - lights lit,Normal,Collision with roadside objects,2,1,Going straight,Passenger,Male,Under 18,3,Driver,Not a Pedestrian,Changing lane to the right,Serious Injury
20:00:00,27-09-2019,Tuesday,24,Male,Junior high school,Employee,5-10yr,Pick up upto 10Q,Governmental,3.5,,Residential areas,Two-way (divided with broken lines road marking),Tangent road with flat terrain,No junction,Asphalt roads,Dry,Darkness - lights lit,Normal,Vehicle with vehicle collision,2,1,Other,Pedestrian,Female,24,3,Self-employed,Crossing from driver's nearside,No priority to pedestrian,Serious Injury
15:35:00,22-03-2020,Monday,40,Male,Elementary school,Employee,1-2yr,Other,Owner,0.5,, Church areas,Undivided Two way,Tangent road with flat terrain,Y Shape,Asphalt roads,Dry,Daylight,Normal,Vehicle with vehicle collision,1,1,Moving Backward,Pedestrian,Female,52,3,,Crossing from nearside - masked by parked or statioNot a Pedestrianry vehicle,Moving Backward,Slight Injury
15:50:00,02-03-2019,Monday,24,Male,,,,Automobile,,5.779745686,,Other,Undivided Two way,Tangent road with flat terrain,Y Shape,Asphalt roads,Dry,Daylight,Normal,Vehicle with vehicle collision,1,1,Going straight,Driver or rider,Male,31-50,3,,Not a Pedestrian,Getting off the vehicle improperly,Serious Injury
22:59:00,25-03-2018,Friday,24,Male,High school,Owner,2-5yr,Lorry (11?40Q),Owner,5.779745686,No defect,Residential areas,Two-way (divided with broken lines road marking),Tangent road with flat terrain,Other,Asphalt roads,Dry,Darkness - lights lit,Normal,Collision with roadside objects,2,1,Going straight,Driver or rider,Male,31-50,3,Self-employed,Not a Pedestrian,Overloading,Serious Injury
23:00:00,14-03-2019,Saturday,24,Male,Junior high school,Employee,1-2yr,Bajaj,Owner,5.779745686,,Office areas,One way,Tangent road with flat terrain,Y Shape,Asphalt roads,Dry,Darkness - lights lit,Normal,Vehicle with vehicle collision,1,1,Moving Backward,Driver or rider,Male,31-50,3,Driver,Not a Pedestrian,Changing lane to the right,Slight Injury
16:15:00,27-05-2019,Thursday,40,Male,Above high school,Owner,2-5yr,Lorry (41?100Q),Governmental,5.779745686,No defect,Residential areas,Double carriageway (median),Tangent road with flat terrain,Crossing,Other,Dry,Daylight,Normal,Vehicle with vehicle collision,2,2,Going straight,Driver or rider,Male,18-30,3,Driver,Not a Pedestrian,Other,Slight Injury
15:28:00,27-03-2018,Thursday,17,Male,Elementary school,Owner,2-5yr,Lorry (11?40Q),Owner,3.5,,Other,Undivided Two way,Tangent road with flat terrain,Y Shape,Asphalt roads,Dry,Daylight,Normal,Vehicle with vehicle collision,2,2,Going straight,Driver or rider,Male,18-30,3,Driver,Not a Pedestrian,Changing lane to the right,Slight Injury
15:28:00,15-11-2018,Thursday,52,Male,Junior high school,Employee,1-2yr,Automobile,Owner,5.779745686,, Church areas,other,Tangent road with flat terrain,Y Shape,Asphalt roads,Dry,Daylight,Normal,Vehicle with vehicle collision,2,2,Going straight,Pedestrian,Male,31-50,3,Driver,Crossing from nearside - masked by parked or statioNot a Pedestrianry vehicle,No priority to pedestrian,Slight Injury
17:07:00,09-03-2019,Saturday,24,Male,,Owner,5-10yr,,Owner,11,, Industrial areas,Undivided Two way,Tangent road with flat terrain,Y Shape,Asphalt roads,Dry,Daylight,Normal,Collision with roadside objects,3,1,Other,Driver or rider,Male,24,3,Driver,Not a Pedestrian,Overspeed,Slight Injury
17:07:00,15-04-2017,Saturday,40,Male,Junior high school,Employee,Below 1yr,Automobile,Owner,5.779745686,No defect,  Recreational areas,One way,Tangent road with flat terrain,Y Shape,Asphalt roads,Dry,Daylight,Normal,Vehicle with vehicle collision,3,1,Going straight,Passenger,Female,18-30,3,Driver,Not a Pedestrian,Changing lane to the left,Slight Injury
13:13:00,19-03-2017,Monday,24,Male,Junior high school,Employee,5-10yr,Public (12 seats),Owner,5.779745686,No defect,Other,Two-way (divided with broken lines road marking),Tangent road with flat terrain,Crossing,Asphalt roads,Dry,Daylight,Normal,Collision with roadside objects,2,3,Moving Backward,Driver or rider,Male,31-50,3,Driver,Not a Pedestrian,Changing lane to the right,Slight Injury
13:13:00,01-02-2019,Monday,24,Male,Junior high school,Employee,Above 10yr,Other,Owner,5.779745686,,Other,Two-way (divided with broken lines road marking),Tangent road with flat terrain,Crossing,Asphalt roads,Dry,Daylight,Normal,Collision with roadside objects,2,3,Moving Backward,Passenger,Female,24,3,Employee,Not a Pedestrian,No distancing,Slight Injury